Params,k++,Predictor,Sampling,"Ergun, Jon, et al.",Ours,k++EB,PredictorEB,SamplingEB,"Ergun, Jon, et al.EB",OursEB,OPT
Error 0.1 K 10 Num Trials 15,125565955121.0,85218957115.6091,85183470281.75995,85098699153.06804,84970999931.13562,0.0,0.0,30285812.33237981,2165244.597709803,0.0,84687281967.65587
Error 0.2 K 10 Num Trials 15,125565955121.0,86801644657.33492,86528066123.79709,85645634195.57852,85476801864.79721,0.0,1.52587890625e-05,67896933.84087169,4191728.6438396988,1.52587890625e-05,84687281967.65587
Error 0.3 K 10 Num Trials 15,125565955121.0,90044865849.66464,89199583791.22511,86626279307.98907,86981040464.66426,0.0,0.0,216176085.1621,5902465.7149674175,1.52587890625e-05,84687281967.65587
Error 0.4 K 10 Num Trials 15,125565955121.0,94296083903.24269,92700780847.01535,88382373284.25409,89499035760.5124,0.0,0.0,350666392.4423373,9507501.574413287,1.52587890625e-05,84687281967.65587
Error 0.5 K 10 Num Trials 15,125565955121.0,99845801656.18478,97110544185.9053,91222108857.08292,94098320244.87607,0.0,0.0,543726764.9951435,20837427.54383111,0.0,84687281967.65587
