Params,k++,Predictor,Sampling,"Ergun, Jon, et al.",Ours,k++EB,PredictorEB,SamplingEB,"Ergun, Jon, et al.EB",OursEB,OPT
Error 0.1 K 10 Num Trials 15,527597.5898808148,328722.73362346034,328413.38330478565,328976.26010647474,326914.3580464331,0.0,0.0,177.39129309049994,29.798503361807835,0.0,323809.9066927378
Error 0.2 K 10 Num Trials 15,527597.5898808148,343390.73121591425,340973.55061536777,341953.5126934949,335059.9743912889,0.0,0.0,768.7884923085793,107.53821232654724,5.820766091346741e-11,323809.9066927378
Error 0.3 K 10 Num Trials 15,527597.5898808148,365823.8950270141,361431.2821622609,363068.82532079617,348964.65710816893,0.0,0.0,1801.6478645384684,131.60112288022702,5.820766091346741e-11,323809.9066927378
Error 0.4 K 10 Num Trials 15,527597.5898808148,398362.9308840361,389727.1807724793,395030.20476925286,373597.7932697254,0.0,5.820766091346741e-11,3636.0248388698524,140.40428162413474,0.0,323809.9066927378
