Params,Predictor,Sampling,"Ergun, Jon, et al.",Ours,k++EB,PredictorEB,SamplingEB,"Ergun, Jon, et al.EB",OursEB,OPT
Error 0.1 K 20 Num Trials 15,974946.3959023922,983998.5311,981154.5569574197,967071.8288754334,0,2.3283064365386963e-10,1604.8501578471084,1055.6808981290553,1.1641532182693481e-10,953854.3731600249
Error 0.2 K 20 Num Trials 15,1026455.4458971769,1030241.8817611024,1010880.1238208491,993657.5279481584,0,0,4904.970318702182,2027.3504890494482,3.4924596548080444e-10,953854.3731600249
Error 0.3 K 20 Num Trials 15,1099772.8134702186,1097750.4170081452,1067034.6617484963,1039380.251110249,0,0,6070.167357915362,2631.281675162176,2.3283064365386963e-10,953854.3731600249
Error 0.4 K 20 Num Trials 15,1220648.3174893192,1202236.9165300853,1156657.799,1129713.3161318495,0,2.3283064365386963e-10,7801.077479273293,5305.261594100112,2.3283064365386963e-10,953854.3731600249
Error 0.5 K 20 Num Trials 15,1346964.5660032823,1320222.8399060867,1269784.0862291697,1246631.776419966,0,2.3283064365386963e-10,10249.614236339696,8167.656187241441,4.656612873077393e-10,953854.3731600249
