Params,k++,Predictor,Sampling,"Ergun, Jon, et al.",Ours,k++EB,PredictorEB,SamplingEB,"Ergun, Jon, et al.EB",OursEB,OPT
Error 0.1 K 10 Num Trials 15,1369463638959.7192,1152217147892.1587,1129083226747.689,1053627827076.012,1047840497010.274,0.0,0.000244140625,10147942641.12781,811326193.660478,0.0001220703125,1045548420328.887
Error 0.2 K 10 Num Trials 15,1369463638959.7192,1507820976676.7148,1431116703808.5623,1070601917864.4236,1078282445697.2375,0.0,0.0,31155308955.26939,1319149558.7176447,0.0001220703125,1045548420328.887
Error 0.3 K 10 Num Trials 15,1369463638959.7192,2106777564642.72,1977805826875.2734,1098458017293.4086,1125877179395.4126,0.0,0.0,32380917313.124622,1507906633.0844173,0.00048828125,1045548420328.887
Error 0.4 K 10 Num Trials 15,1369463638959.7192,2969949714134.6924,2732214415800.0244,1149179875523.5356,1315907786659.6274,0.0,0.00048828125,85068620730.45131,29718368137.241043,0.000244140625,1045548420328.887
Error 0.5 K 10 Num Trials 15,1369463638959.7192,4138795222785.6704,3643315206196.346,1322885368478.7812,1494386265983.0781,0.0,0.0,290229458337.22125,2950846161.934938,0.0,1045548420328.887
